scenario,pm_mean,pm_std,pm_n,pm_min,pm_max,pm_cv,ci_halfwidth,ci_precision,ci_lower,ci_upper,unit,pm
1,0.41482859298408603,0.018244890052793773,15,0.3821758398619471,0.4486299160501649,0.043981756227429815,0.01010368333911353,0.024356284764346352,0.4047249096449725,0.4249322763231996,obs,occ_mean_obs
2,0.396368785245942,0.01568930729811048,15,0.3679089887876338,0.4243234424305907,0.03958260055310727,0.008688448781629004,0.02192011355343718,0.387680336464313,0.405057234027571,obs,occ_mean_obs
3,0.35923513148047354,0.015222178999176375,15,0.3354102491824454,0.3916908304767857,0.04237385952883561,0.008429761752136805,0.023465861251922158,0.35080536972833676,0.3676648932326103,obs,occ_mean_obs
4,0.34559768522441525,0.012431376339138092,15,0.3227535146620132,0.3658123195323414,0.03597065857390141,0.006884266752858102,0.01991988675615051,0.33871341847155717,0.35248195197727333,obs,occ_mean_obs
5,0.5552843143261693,0.051519833383642015,15,0.4819822895703956,0.6768917075964924,0.09278099894854891,0.028530732752346757,0.0513804046256348,0.5267535815738226,0.5838150470785161,obs,occ_mean_obs
6,0.4936836636754982,0.03482814808779438,15,0.4343281961632447,0.5502155412761784,0.0705474996448073,0.019287185537900396,0.0390679031068324,0.47439647813759783,0.5129708492133986,obs,occ_mean_obs
7,0.43037956739139865,0.04029371922156242,15,0.3758742702589117,0.5188851918598248,0.09362368075647569,0.022313917945889664,0.05184706625627697,0.408065649445509,0.4526934853372883,obs,occ_mean_obs
8,0.38796754219096174,0.024521440291420577,15,0.3468226650110478,0.4279809105325813,0.06320487572991573,0.0135795210059682,0.03500169351611433,0.37438802118499354,0.40154706319692995,obs,occ_mean_obs
9,0.7606550690382397,0.03527994647437394,15,0.6977734569352824,0.8451328094779782,0.04638100488698689,0.019537383144896843,0.025684944385632773,0.7411176858933428,0.7801924521831365,obs,occ_mean_obs
10,0.7449880302353115,0.031399084549218956,15,0.6873121334151494,0.8196104041387156,0.042147099382658884,0.017388233445384992,0.02334028566860699,0.7275997967899265,0.7623762636806964,obs,occ_mean_obs
11,0.5860010973298072,0.020503085666495075,15,0.5456447511296428,0.6345520992042011,0.03498813527810808,0.011354230387223548,0.01937578349078291,0.5746468669425837,0.5973553277170307,obs,occ_mean_obs
12,0.5773806068773335,0.01939991253809907,15,0.539664492853765,0.6225767900483344,0.03359986862568914,0.010743313471567721,0.018606987043903563,0.5666372934057657,0.5881239203489013,obs,occ_mean_obs
13,0.8944415399749154,0.05537687102756679,15,0.8084992908993369,1.0339434110346608,0.061912230763700705,0.030666689004672273,0.034285850594028,0.8637748509702431,0.9251082289795877,obs,occ_mean_obs
14,0.8627981694557262,0.04806928534037577,15,0.7838534501534158,0.986590127948132,0.0557132444667784,0.02661988293770392,0.03085296640638028,0.8361782865180223,0.8894180523934301,obs,occ_mean_obs
15,0.6295432624943942,0.03337724664617605,15,0.583188963011019,0.7134362125769254,0.053018193720202444,0.018483703100902638,0.029360497049346512,0.6110595593934915,0.6480269655952968,obs,occ_mean_obs
16,0.6126123365022497,0.028140030900407047,15,0.5741943600842704,0.6849026494008077,0.04593448290818693,0.015583429691704063,0.02543766875587044,0.5970289068105457,0.6281957661939537,obs,occ_mean_obs
1,1.0,0.0,15,1.0,1.0,0.0,0.0,0.0,1.0,1.0,obs,occ_p95_obs
2,1.0,0.0,15,1.0,1.0,0.0,0.0,0.0,1.0,1.0,obs,occ_p95_obs
3,1.0,0.0,15,1.0,1.0,0.0,0.0,0.0,1.0,1.0,obs,occ_p95_obs
4,1.0,0.0,15,1.0,1.0,0.0,0.0,0.0,1.0,1.0,obs,occ_p95_obs
5,2.466666666666667,0.5163977794943221,15,2.0,3.0,0.2093504511463468,0.2859715583889236,0.11593441556307713,2.1806951082777433,2.7526382250555903,obs,occ_p95_obs
6,2.2,0.41403933560541256,15,2.0,3.0,0.18819969800246025,0.22928734153996533,0.10422151888180241,1.9707126584600347,2.4292873415399656,obs,occ_p95_obs
7,2.0,0.0,15,2.0,2.0,0.0,0.0,0.0,2.0,2.0,obs,occ_p95_obs
8,2.0,0.0,15,2.0,2.0,0.0,0.0,0.0,2.0,2.0,obs,occ_p95_obs
9,2.0,0.0,15,2.0,2.0,0.0,0.0,0.0,2.0,2.0,obs,occ_p95_obs
10,2.0,0.0,15,2.0,2.0,0.0,0.0,0.0,2.0,2.0,obs,occ_p95_obs
11,2.0,0.0,15,2.0,2.0,0.0,0.0,0.0,2.0,2.0,obs,occ_p95_obs
12,2.0,0.0,15,2.0,2.0,0.0,0.0,0.0,2.0,2.0,obs,occ_p95_obs
13,3.6,0.6324555320336759,15,3.0,5.0,0.17568209223157663,0.3502421995006946,0.09728949986130404,3.2497578004993057,3.9502421995006944,obs,occ_p95_obs
14,3.3333333333333335,0.48795003647426655,15,3.0,4.0,0.14638501094227996,0.2702177234052424,0.08106531702157273,3.063115609928091,3.603551056738576,obs,occ_p95_obs
15,2.1333333333333333,0.35186577527449847,15,2.0,3.0,0.16493708215992117,0.1948567714553495,0.09133911161969507,1.9384765618779838,2.328190104788683,obs,occ_p95_obs
16,2.066666666666667,0.2581988897471611,15,2.0,3.0,0.12493494665185213,0.14298577919446182,0.06918666735215893,1.9236808874722051,2.2096524458611286,obs,occ_p95_obs
1,4.62202666116295,0.11321069403978998,15,4.44184500712336,4.811839789669118,0.024493734532311198,0.06269399266695787,0.013564178067978388,4.559332668495992,4.684720653829908,ldr,occ_mean_ldr
2,4.499615486819279,0.09701612911845882,15,4.348635088823879,4.679674554178854,0.0215609821333952,0.05372574153985443,0.011940073923479289,4.445889745279424,4.553341228359133,ldr,occ_mean_ldr
3,4.703106245574179,0.1232466404623237,15,4.4888158806512894,4.909994736417301,0.026205370244039027,0.06825171454788874,0.01451205033101612,4.63485453102629,4.771357960122067,ldr,occ_mean_ldr
4,4.554744533093027,0.10317328278361936,15,4.390804806767306,4.7384917358482,0.022651826471057124,0.05713545958819742,0.01254416338239677,4.4976090735048295,4.611879992681224,ldr,occ_mean_ldr
5,4.552705714363951,0.1055585866648954,15,4.359586466146505,4.739534786104878,0.023185901590751682,0.058456396848670586,0.012839924325492542,4.49424931751528,4.6111621112126215,ldr,occ_mean_ldr
6,4.425768911689141,0.09409328057376164,15,4.269733717944382,4.586692908378239,0.021260323901061966,0.05210712196701206,0.011773574944093689,4.373661789722129,4.477876033656153,ldr,occ_mean_ldr
7,4.675125940022714,0.12013681194112465,15,4.449630567148621,4.878786988500004,0.025697021531047987,0.06652954891541744,0.014230536197083539,4.608596391107297,4.7416554889381315,ldr,occ_mean_ldr
8,4.523905236343075,0.10219797525654797,15,4.354047430517456,4.698496452524917,0.022590653410583,0.05659535228235623,0.01251028687066518,4.467309884060719,4.580500588625431,ldr,occ_mean_ldr
9,7.463214216600762,0.12002599591778368,15,7.24175402818926,7.654122773482389,0.016082346350290263,0.06646818104718162,0.00890610655384023,7.396746035553581,7.529682397647943,ldr,occ_mean_ldr
10,7.413183858990831,0.11286974830744485,15,7.194810768819225,7.574683383626579,0.01522554282402622,0.0625051832137099,0.008431624576247706,7.350678675777122,7.475689042204541,ldr,occ_mean_ldr
11,7.665226857005182,0.14197412252881253,15,7.398066266927934,7.908480400684337,0.018521842233418528,0.0786226484362931,0.010257054344639594,7.586604208568889,7.743849505441475,ldr,occ_mean_ldr
12,7.594045747690903,0.13102344888331402,15,7.337009887439786,7.803529181918339,0.01725344476929888,0.07255836750371765,0.009554639241642736,7.521487380187185,7.666604115194621,ldr,occ_mean_ldr
13,7.382002367054489,0.11201248201088429,15,7.160300527249081,7.541028000051865,0.01517372610320344,0.062030444962469185,0.008402929432711643,7.319971922092019,7.4440328120169585,ldr,occ_mean_ldr
14,7.330153843543939,0.10743093678505779,15,7.106359841555609,7.467222052303777,0.014656027564779966,0.05949326978456286,0.008116237538037729,7.270660573759376,7.389647113328501,ldr,occ_mean_ldr
15,7.64168880206326,0.137579569009205,15,7.371613764411511,7.86583221902871,0.01800381729390216,0.07618902581371653,0.009970181695065292,7.565499776249543,7.717877827876976,ldr,occ_mean_ldr
16,7.571887960787989,0.12825742010876892,15,7.3095348065589345,7.762286936516631,0.01693863152399596,0.07102659182493791,0.009380301477353917,7.500861368963051,7.642914552612927,ldr,occ_mean_ldr
1,7.0,0.0,15,7.0,7.0,0.0,0.0,0.0,7.0,7.0,ldr,occ_p95_ldr
2,7.0,0.0,15,7.0,7.0,0.0,0.0,0.0,7.0,7.0,ldr,occ_p95_ldr
3,8.0,0.0,15,8.0,8.0,0.0,0.0,0.0,8.0,8.0,ldr,occ_p95_ldr
4,8.0,0.0,15,8.0,8.0,0.0,0.0,0.0,8.0,8.0,ldr,occ_p95_ldr
5,7.0,0.0,15,7.0,7.0,0.0,0.0,0.0,7.0,7.0,ldr,occ_p95_ldr
6,7.0,0.0,15,7.0,7.0,0.0,0.0,0.0,7.0,7.0,ldr,occ_p95_ldr
7,8.0,0.0,15,8.0,8.0,0.0,0.0,0.0,8.0,8.0,ldr,occ_p95_ldr
8,8.0,0.0,15,8.0,8.0,0.0,0.0,0.0,8.0,8.0,ldr,occ_p95_ldr
9,10.0,0.0,15,10.0,10.0,0.0,0.0,0.0,10.0,10.0,ldr,occ_p95_ldr
10,10.0,0.0,15,10.0,10.0,0.0,0.0,0.0,10.0,10.0,ldr,occ_p95_ldr
11,12.0,0.0,15,12.0,12.0,0.0,0.0,0.0,12.0,12.0,ldr,occ_p95_ldr
12,12.0,0.0,15,12.0,12.0,0.0,0.0,0.0,12.0,12.0,ldr,occ_p95_ldr
13,10.0,0.0,15,10.0,10.0,0.0,0.0,0.0,10.0,10.0,ldr,occ_p95_ldr
14,10.0,0.0,15,10.0,10.0,0.0,0.0,0.0,10.0,10.0,ldr,occ_p95_ldr
15,12.0,0.0,15,12.0,12.0,0.0,0.0,0.0,12.0,12.0,ldr,occ_p95_ldr
16,12.0,0.0,15,12.0,12.0,0.0,0.0,0.0,12.0,12.0,ldr,occ_p95_ldr
1,9.390187564490173,0.23547418009454157,15,8.958490764964608,9.931688734867144,0.025076621577295014,0.13040125445142528,0.013886970154307588,9.259786310038747,9.520588818941599,pp,occ_mean_pp
2,9.389994515911493,0.23534396076145297,15,8.958490764964607,9.931296228372943,0.025063269245009564,0.13032914138840593,0.013879575879151064,9.259665374523086,9.5203236572999,pp,occ_mean_pp
3,9.390520104400471,0.23471467844655736,15,8.958490764964607,9.931263978451652,0.024994853941750068,0.12998065645798368,0.01384168874704541,9.260539447942488,9.520500760858454,pp,occ_mean_pp
4,9.390557096787768,0.2343340976432983,15,8.958490764964608,9.930483218972062,0.02495422744657578,0.12976989783406498,0.013819190543919425,9.260787198953704,9.520326994621833,pp,occ_mean_pp
5,9.391019088929777,0.23425643294056622,15,8.95952877029017,9.93110816355908,0.0249447297170027,0.12972688855526085,0.01381393087659508,9.261292200374516,9.520745977485038,pp,occ_mean_pp
6,9.391080556357302,0.2337055247592082,15,8.95952877029017,9.929931037286089,0.024885903529067374,0.12942180577332782,0.013781354019555886,9.261658750583974,9.52050236213063,pp,occ_mean_pp
7,9.39096154644486,0.2341568414285034,15,8.95952877029017,9.930761702972951,0.024934277525302855,0.12967173661418394,0.01380814264576281,9.261289809830677,9.520633283059043,pp,occ_mean_pp
8,9.39105176260059,0.23363815738388052,15,8.95952877029017,9.929931037286089,0.02487880626048013,0.1293844989643677,0.013777423683216744,9.261667263636221,9.520436261564958,pp,occ_mean_pp
9,15.625506250072418,0.2771446308278412,15,15.156591032875928,16.190200154880277,0.017736681704412408,0.15347758089620536,0.009822246936510877,15.472028669176213,15.778983830968622,pp,occ_mean_pp
10,15.62571123511021,0.2786593012294035,15,15.15183469822845,16.190200154880277,0.017833383520058255,0.1543163774061449,0.009875798617051334,15.471394857704064,15.780027612516355,pp,occ_mean_pp
11,15.62639745283319,0.27803030556104474,15,15.1581004183005,16.190200154880277,0.017792348261987643,0.1539680512152837,0.009853074048578488,15.472429401617907,15.780365504048474,pp,occ_mean_pp
12,15.627078170544447,0.2792350186891246,15,15.15598916219562,16.190200154880277,0.017868664611626246,0.1546351991084949,0.00989533663432794,15.472442971435951,15.781713369652943,pp,occ_mean_pp
13,15.626438777002283,0.27808388634312015,15,15.1589443861866,16.190342138354744,0.01779573006438174,0.15399772326337965,0.009854946828321557,15.472441053738903,15.780436500265663,pp,occ_mean_pp
14,15.62698030488661,0.27913556170574017,15,15.15687695453298,16.190342138354744,0.017862412075764472,0.15458012166691693,0.00989187409537972,15.472400183219692,15.781560426553527,pp,occ_mean_pp
15,15.62647759765986,0.2778277418332984,15,15.16023150097752,16.190342138354744,0.017779294156150996,0.15385587516186724,0.00984584492572452,15.472621722497994,15.780333472821727,pp,occ_mean_pp
16,15.627245526698564,0.27926631249774986,15,15.157629204054947,16.190342138354747,0.017870475767507065,0.15465252904207683,0.009896339619023631,15.472592997656488,15.78189805574064,pp,occ_mean_pp
1,13.0,0.0,15,13.0,13.0,0.0,0.0,0.0,13.0,13.0,pp,occ_p95_pp
2,14.666666666666666,0.4879500364742667,15,14.0,15.0,0.0332693206687,0.2702177234052425,0.01842393568672108,14.396448943261424,14.936884390071908,pp,occ_p95_pp
3,13.0,0.0,15,13.0,13.0,0.0,0.0,0.0,13.0,13.0,pp,occ_p95_pp
4,14.8,0.4140393356054127,15,14.0,15.0,0.027975630784149504,0.22928734153996544,0.015492387941889556,14.570712658460035,15.029287341539966,pp,occ_p95_pp
5,13.0,0.0,15,13.0,13.0,0.0,0.0,0.0,13.0,13.0,pp,occ_p95_pp
6,14.933333333333334,0.25819888974716104,15,14.0,15.0,0.01729010422414025,0.1429857791944618,0.009574940571057709,14.790347554138872,15.076319112527795,pp,occ_p95_pp
7,13.0,0.0,15,13.0,13.0,0.0,0.0,0.0,13.0,13.0,pp,occ_p95_pp
8,14.933333333333334,0.25819888974716104,15,14.0,15.0,0.01729010422414025,0.1429857791944618,0.009574940571057709,14.790347554138872,15.076319112527795,pp,occ_p95_pp
9,21.0,0.0,15,21.0,21.0,0.0,0.0,0.0,21.0,21.0,pp,occ_p95_pp
10,22.0,0.0,15,22.0,22.0,0.0,0.0,0.0,22.0,22.0,pp,occ_p95_pp
11,21.0,0.0,15,21.0,21.0,0.0,0.0,0.0,21.0,21.0,pp,occ_p95_pp
12,22.0,0.0,15,22.0,22.0,0.0,0.0,0.0,22.0,22.0,pp,occ_p95_pp
13,21.0,0.0,15,21.0,21.0,0.0,0.0,0.0,21.0,21.0,pp,occ_p95_pp
14,22.0,0.0,15,22.0,22.0,0.0,0.0,0.0,22.0,22.0,pp,occ_p95_pp
15,21.0,0.0,15,21.0,21.0,0.0,0.0,0.0,21.0,21.0,pp,occ_p95_pp
16,22.0,0.0,15,22.0,22.0,0.0,0.0,0.0,22.0,22.0,pp,occ_p95_pp
1,0.1844361621182718,0.02203220026397372,15,0.1475095785440613,0.2337129840546697,0.11945705229891587,0.01220102582624427,0.06615311057286165,0.17223513629202752,0.19663718794451607,ldr,prob_blockedby_ldr
2,0.16183802611826306,0.017992187369793973,15,0.1355363984674329,0.2031890660592255,0.11117404111593768,0.00996374125776438,0.061566131871154804,0.15187428486049867,0.17180176737602745,ldr,prob_blockedby_ldr
3,0.10502299800539205,0.01619358790272261,15,0.0805025593299209,0.1457858769931662,0.15419087447771396,0.008967710072232259,0.08538806016346859,0.09605528793315979,0.11399070807762432,ldr,prob_blockedby_ldr
4,0.08547771384476362,0.012525215167833276,15,0.0670760510155881,0.1116173120728929,0.14653193919739552,0.006936232964071543,0.08114668317719002,0.07854148088069207,0.09241394680883516,ldr,prob_blockedby_ldr
5,0.22157588284099736,0.024374581969339143,15,0.1810344827586207,0.2742596810933941,0.1100055730651441,0.013498193577974348,0.06091905583271731,0.208077689263023,0.2350740764189717,ldr,prob_blockedby_ldr
6,0.19166131147788976,0.017891581174445472,15,0.162570888468809,0.2246013667425968,0.09334998825002543,0.009908027403813333,0.051695500398140255,0.18175328407407643,0.2015693388817031,ldr,prob_blockedby_ldr
7,0.1279418579381183,0.020171009952679668,15,0.1025519848771266,0.1776765375854214,0.15765762884603246,0.011170332986510675,0.08730788474178197,0.11677152495160763,0.13911219092462898,ldr,prob_blockedby_ldr
8,0.10368737885713267,0.015445200686376337,15,0.0803402646502835,0.1321184510250569,0.1489593126629014,0.008553267045876748,0.08249091779687097,0.09513411181125592,0.11224064590300942,ldr,prob_blockedby_ldr
9,0.25715972037496404,0.02440535518308992,15,0.219753086419753,0.3072125813449023,0.09490349090248085,0.01351523521572415,0.05255580149184178,0.2436444851592399,0.2706749555906882,ldr,prob_blockedby_ldr
10,0.24625167969637815,0.022465967737877145,15,0.2123456790123457,0.2939262472885032,0.09123173399498063,0.01244123824662311,0.05052245029135569,0.23381044144975505,0.25869291794300125,ldr,prob_blockedby_ldr
11,0.09530382913513767,0.014821878515010737,15,0.0754458161865569,0.1304229934924078,0.1555223819390699,0.008208082732926487,0.0861254244180231,0.08709574640221118,0.10351191186806416,ldr,prob_blockedby_ldr
12,0.08814187436623454,0.013307798463443953,15,0.0674897119341563,0.1184924078091106,0.15098156873938587,0.007369613147917561,0.083610805884345,0.08077226121831697,0.0955114875141521,ldr,prob_blockedby_ldr
13,0.26005219941491337,0.023459036555725604,15,0.2239297475301866,0.3101952277657266,0.09020895269682647,0.012991181427451004,0.04995605288738039,0.24706101798746236,0.27304338084236435,ldr,prob_blockedby_ldr
14,0.24820259556584012,0.020768816274885582,15,0.2156970362239297,0.2909436008676789,0.08367686980685214,0.011501387093178954,0.0463387059549424,0.23670120847266116,0.25970398265901906,ldr,prob_blockedby_ldr
15,0.10020755936203964,0.01555518373674249,15,0.08205268935236,0.1350325379609544,0.15522964370924558,0.008614173629054497,0.08596331138983608,0.09159338573298514,0.10882173299109413,ldr,prob_blockedby_ldr
16,0.09308690314211733,0.014299387534391566,15,0.0735455543358946,0.1244577006507592,0.15361331241797196,0.00791873687222558,0.08506821695567542,0.08516816626989175,0.10100564001434291,ldr,prob_blockedby_ldr
1,2.0545684064735688,0.035006180549584175,15,2.000947067695664,2.1219874394602583,0.017038216123291934,0.019385776629038894,0.009435449590268137,2.0351826298445297,2.073954183102608,ldr,blockedby_ldr_mean
2,1.9605643334081835,0.056135068305775145,15,1.8660915796646296,2.085329427204475,0.028632097069822598,0.03108656466220861,0.015855926853554816,1.9294777687459748,1.9916508980703922,ldr,blockedby_ldr_mean
3,1.8483100441055014,0.10915478725006218,15,1.5811212740492846,1.999959969475472,0.059056535237781586,0.06044790635249992,0.032704419123445266,1.7878621377530015,1.9087579504580012,ldr,blockedby_ldr_mean
4,1.7410642450589342,0.1080140639378039,15,1.5027610634291315,1.8862871996404984,0.06203910294771901,0.0598161948381388,0.03435611006767533,1.6812480502207954,1.800880439897073,ldr,blockedby_ldr_mean
5,3.8054678402653206,0.32930557545722916,15,3.4626982164676847,4.461221469088128,0.08653484651029653,0.18236334922253575,0.04792140069953166,3.6231044910427848,3.9878311894878564,ldr,blockedby_ldr_mean
6,3.344504070774108,0.26616450189074703,15,2.987319274687285,3.80882908403045,0.07958265149581398,0.14739698816684285,0.044071403427153495,3.1971070826072654,3.4919010589409507,ldr,blockedby_ldr_mean
7,3.3361562303231604,0.46033259197631954,15,2.758221821657846,4.197836570915885,0.1379829241185533,0.2549236924170934,0.07641239642796942,3.081232537906067,3.5910799227402537,ldr,blockedby_ldr_mean
8,2.788119574783037,0.31125758826793337,15,2.394406231038495,3.5614653486424817,0.11163710160894175,0.17236870705470864,0.061822566224808286,2.6157508677283285,2.960488281837746,ldr,blockedby_ldr_mean
9,1.9777236223204642,0.06277026561120276,15,1.8317368772749711,2.0913128333869,0.03173864381391894,0.03476101445459387,0.017576275098443103,1.9429626078658704,2.012484636775058,ldr,blockedby_ldr_mean
10,1.9399059595486163,0.05373587580175069,15,1.8130602980658013,2.0163535836271795,0.02770024780698861,0.029757936138819618,0.015339885932276734,1.9101480234097967,1.969663895687436,ldr,blockedby_ldr_mean
11,1.6925515243389726,0.1105794384931927,15,1.5109732600482102,1.84173925482738,0.06533298212967525,0.06123685191411272,0.036180199558786735,1.63131467242486,1.7537883762530853,ldr,blockedby_ldr_mean
12,1.6341513872713291,0.09564813030828387,15,1.4872478520067045,1.769904396477592,0.058530764685146494,0.05296816904989715,0.03241325709629771,1.581183218221432,1.6871195563212262,ldr,blockedby_ldr_mean
13,2.9725979708960035,0.17638443525135208,15,2.6973827416315337,3.259269648007653,0.05933679460804655,0.09767844446150245,0.03285962158954853,2.874919526434501,3.070276415357506,ldr,blockedby_ldr_mean
14,2.86292869022423,0.1653646447594637,15,2.6296650550034504,3.157240128122518,0.05776065793189981,0.09157588789518513,0.03198678619131542,2.771352802329045,2.954504578119415,ldr,blockedby_ldr_mean
15,2.4517836478881496,0.26249643764636077,15,1.927103200618692,2.8473685310854817,0.10706345883025314,0.1453656818950285,0.059289767276260126,2.306417965993121,2.597149329783178,ldr,blockedby_ldr_mean
16,2.286794782334304,0.20901654435284847,15,1.884916019215592,2.641777345543902,0.09140153107201404,0.1157495041442347,0.05061648077842842,2.171045278190069,2.402544286478539,ldr,blockedby_ldr_mean
1,5.7436367247481,0.3774471534851883,15,5.366462448330593,6.682052851860133,0.06571570793446065,0.20902326651621345,0.036392146044957364,5.534613458231886,5.952659991264314,ldr,blockedby_ldr_p95
2,5.468177043948655,0.3862033732873018,15,5.118539208888478,6.602832306749399,0.0706274449754133,0.2138722994165067,0.039112175355256275,5.254304744532148,5.682049343365162,ldr,blockedby_ldr_p95
3,5.095703295173496,0.5249977688093831,15,4.191673906273262,6.394224665314506,0.10302753877107522,0.29073407372925747,0.057054749244256915,4.804969221444238,5.386437368902754,ldr,blockedby_ldr_p95
4,4.813668133484443,0.6422558347247432,15,3.846413424739694,6.230667321955934,0.13342337213841893,0.35566942623275394,0.07388740070356647,4.457998707251689,5.169337559717197,ldr,blockedby_ldr_p95
5,9.611989687551999,1.0088345035364743,15,8.23341462261478,11.887420753606646,0.10495584538994718,0.5586739265520285,0.05812260985626512,9.05331576099997,10.170663614104027,ldr,blockedby_ldr_p95
6,8.401979008770502,0.6497468325057797,15,7.414788593347112,9.507975521184878,0.07733259412187701,0.35981780253179363,0.042825363186005785,8.042161206238708,8.761796811302295,ldr,blockedby_ldr_p95
7,8.871011532482514,1.4329676303307242,15,7.25987961997398,11.245267652036176,0.16153373548030034,0.79355102333678,0.08945440104897577,8.077460509145734,9.664562555819295,ldr,blockedby_ldr_p95
8,7.224411028529699,0.7345443632270288,15,6.139931015238653,8.936866765854575,0.1016753283175974,0.406777109815482,0.056305920054810145,6.817633918714217,7.631188138345181,ldr,blockedby_ldr_p95
9,5.276413158664051,0.2836059221946568,15,4.764722638826196,5.664018451499896,0.053749756447515146,0.15705572478981883,0.029765622984228968,5.119357433874232,5.43346888345387,ldr,blockedby_ldr_p95
10,5.190852191697243,0.2824576079836335,15,4.832776120390667,5.669089544307963,0.05441449641648896,0.1564198095758378,0.030133743708986922,5.034432382121405,5.347272001273081,ldr,blockedby_ldr_p95
11,4.492205009579004,0.3049791927688919,15,4.070749682270255,5.013630974282866,0.06789075567979781,0.16889184751669695,0.037596647338346875,4.323313162062306,4.661096857095701,ldr,blockedby_ldr_p95
12,4.379107566805547,0.35311082811078476,15,3.7270437782485697,4.793406547977154,0.08063534012898674,0.19554625873435755,0.044654362961219475,4.183561308071189,4.5746538255399045,ldr,blockedby_ldr_p95
13,7.480874415261633,0.5411374830978384,15,6.644678778696923,8.481332771254708,0.07233612717704109,0.2996719495883311,0.04005841201891778,7.181202465673302,7.780546364849965,ldr,blockedby_ldr_p95
14,7.163489761687937,0.4650236226831624,15,6.3593579012786,7.907115434574006,0.06491579358013748,0.2575214986334559,0.0359491682407006,6.905968263054481,7.421011260321393,ldr,blockedby_ldr_p95
15,6.438418740016514,0.8996702227582127,15,4.977939614701247,7.80259386496873,0.13973465521379014,0.49822076285884753,0.07738247277429638,5.940197977157666,6.936639502875362,ldr,blockedby_ldr_p95
16,5.878477575897306,0.7428384658291137,15,4.581547492438016,7.008975976592494,0.12636579050243718,0.41137023074035994,0.0699790422654742,5.467107345156946,6.289847806637666,ldr,blockedby_ldr_p95
1,0.17725956058159048,0.031644225376222176,15,0.1304347826086956,0.2433392539964476,0.17851914600485944,0.01752398791046327,0.09886060787337439,0.1597355726711272,0.19478354849205376,pp,pct_blocked_by_pp
2,0.05256897987298751,0.01000039058829776,15,0.0348781653129479,0.0666358167515039,0.19023368177316383,0.005538031716236067,0.10534790154986012,0.04703094815675144,0.05810701158922358,pp,pct_blocked_by_pp
3,0.18765844191072967,0.03369584843510546,15,0.1342570473005255,0.2544404973357016,0.1795594596865234,0.018660138890721215,0.09943671438771703,0.16899830302000846,0.20631858080145088,pp,pct_blocked_by_pp
4,0.057399526456533304,0.013270400964860844,15,0.0315336837075967,0.0814437760296159,0.2311935617606543,0.0073489031035015445,0.12803072703163532,0.05005062335303176,0.06474842956003485,pp,pct_blocked_by_pp
5,0.19513152758816235,0.031271581493212165,15,0.1428571428571428,0.2517761989342806,0.16025898981948652,0.01731762460647535,0.08874847043182746,0.177813902981687,0.2124491521946377,pp,pct_blocked_by_pp
6,0.06289718761167087,0.01310650975356902,15,0.0377448638318203,0.0879222582137899,0.20837990141131596,0.007258143175863463,0.11539694303464658,0.05563904443580741,0.07015533078753433,pp,pct_blocked_by_pp
7,0.19472473924743733,0.031350130788545774,15,0.1423793597706641,0.2513321492007104,0.16099716404657277,0.01736112375633401,0.08915725769324655,0.17736361549110333,0.21208586300377133,pp,pct_blocked_by_pp
8,0.06335196059446138,0.013448228719475094,15,0.0353559483994266,0.0902360018509949,0.21227801939015004,0.007447380831584803,0.11755564881816614,0.05590457976287658,0.07079934142604619,pp,pct_blocked_by_pp
9,0.11847676350524906,0.02736911233573165,15,0.0814313891236968,0.1760259179265658,0.23100827137735808,0.01515650922053732,0.12792811663753642,0.10332025428471174,0.13363327272578637,pp,pct_blocked_by_pp
10,0.07419110780236972,0.019124940647544216,15,0.0473372781065088,0.1150107991360691,0.25777941877467625,0.01059103911412931,0.14275348391267753,0.0636000686882404,0.08478214691649903,pp,pct_blocked_by_pp
11,0.12866214514525287,0.02751033206970396,15,0.0873485488870104,0.1806155507559395,0.21381838487650137,0.015234714102515855,0.11840867479177077,0.11342743104273702,0.14389685924776874,pp,pct_blocked_by_pp
12,0.08139011085382787,0.019409556866613893,15,0.050436742744435,0.120950323974082,0.23847561654600005,0.010748654322680016,0.13206339455642227,0.07064145653114785,0.09213876517650789,pp,pct_blocked_by_pp
13,0.13086927271638568,0.027554101975899338,15,0.091011552550014,0.1852051835853131,0.21054676475213105,0.015258953068642871,0.11659691195588306,0.1156103196477428,0.14612822578502854,pp,pct_blocked_by_pp
14,0.08329010820878367,0.019326273313977863,15,0.05156382079459,0.1214902807775377,0.2320356369994455,0.010702533428514256,0.1284970527554865,0.07258757478026942,0.09399264163729792,pp,pct_blocked_by_pp
15,0.13130086275898575,0.028062223824882767,15,0.0893209354747816,0.1881749460043196,0.21372459582686398,0.01554034156947559,0.11835673614728069,0.11576052118951016,0.14684120432846134,pp,pct_blocked_by_pp
16,0.08351611795455942,0.02023725072690131,15,0.0518455903071287,0.1271598272138229,0.24231551013796243,0.01120701590457357,0.13418985674922337,0.07230910204998585,0.09472313385913299,pp,pct_blocked_by_pp
1,4.664396323006895,0.38754138422632545,15,4.224068471748578,5.614949141508034,0.08308500337220436,0.21461326517694956,0.04601094124836277,4.449783057829945,4.879009588183845,pp,blockedby_pp_mean
2,3.502846756989491,0.6409593128522043,15,2.4677887872466,4.649370331057693,0.1829824018345223,0.35495143635150705,0.10133227656712245,3.147895320637984,3.857798193340998,pp,blockedby_pp_mean
3,5.15256999447501,0.4570361882730321,15,4.353337321137786,6.144896369476458,0.08870062682566218,0.2530982048926675,0.04912076986126521,4.899471789582342,5.405668199367677,pp,blockedby_pp_mean
4,3.7908752895890263,0.5984868368239762,15,2.9052398432202704,5.155829180961503,0.15787563322581866,0.3314309631025276,0.08742861154328779,3.4594443264864987,4.122306252691554,pp,blockedby_pp_mean
5,5.574310106420531,0.5321343736508853,15,4.46172745709484,6.397476094778944,0.09546192506189584,0.2946861937599223,0.052865052021504974,5.279623912660608,5.868996300180453,pp,blockedby_pp_mean
6,4.018214841233243,0.8427653078377871,15,2.552387953988831,5.725345766123617,0.20973624884107278,0.46670787135160946,0.11614806320519455,3.551506969881633,4.484922712584852,pp,blockedby_pp_mean
7,5.761833830666879,0.5899313974830588,15,4.403677516023861,6.531907300900847,0.10238604840410327,0.32669311871555157,0.05669950371993631,5.435140711951327,6.08852694938243,pp,blockedby_pp_mean
8,4.02969671275647,0.8024439719264678,15,2.5914339901218644,5.362276350717192,0.19913259709750333,0.4443786597926933,0.11027595659642607,3.585318052963777,4.474075372549164,pp,blockedby_pp_mean
9,3.4747750851358323,0.34539095637014494,15,2.781182114202752,4.070851738837299,0.09939951447437159,0.19127113626114473,0.055045616356394406,3.2835039488746878,3.666046221396977,pp,blockedby_pp_mean
10,3.0776449159227703,0.31299636066871234,15,2.571205493534607,3.641570462244857,0.10169995864349628,0.17333160711524206,0.056319559874655666,2.904313308807528,3.2509765230380125,pp,blockedby_pp_mean
11,3.8844052888550964,0.3851113408445674,15,3.1539465266611977,4.520934281903117,0.0991429349428356,0.21326755200693062,0.05490352734788647,3.671137736848166,4.097672840862027,pp,blockedby_pp_mean
12,3.4331194814493218,0.38451039997964587,15,2.916375000573291,4.1365927035499634,0.11200029654002062,0.2129347620483652,0.06202369687362961,3.2201847194009567,3.646054243497687,pp,blockedby_pp_mean
13,3.949964755629773,0.38679231539743786,15,3.281096117732196,4.552120176556404,0.0979229788939645,0.21419844468615018,0.054227938206501514,3.7357663109436228,4.164163200315923,pp,blockedby_pp_mean
14,3.5052701448809995,0.3925173608421751,15,2.9802467452797115,4.194838136100248,0.11197920406089006,0.21736886917806442,0.06201201624802127,3.287901275702935,3.722639014059064,pp,blockedby_pp_mean
15,4.151917438178467,0.3914946626993425,15,3.460762285545751,4.8140349396959605,0.09429249702785503,0.21680251782397128,0.052217444362064935,3.9351149203544957,4.368719956002439,pp,blockedby_pp_mean
16,3.683141910071195,0.43525796226294167,15,3.042588271835036,4.484356113795817,0.11817572412096611,0.24103782532025642,0.06544353467922641,3.4421040847509383,3.9241797353914514,pp,blockedby_pp_mean
1,12.12229483341495,1.235901892451782,15,10.567421544374248,14.360541442761132,0.10195279932022724,0.6844196552246056,0.05645957837438598,11.437875178190344,12.806714488639555,pp,blockedby_pp_p95
2,8.800349946672194,1.3757979028198586,15,6.398122682122083,11.68394779440168,0.15633445387477,0.7618914835049823,0.08657513486643648,8.038458463167212,9.562241430177176,pp,blockedby_pp_p95
3,13.348667611711761,1.6487947817629665,15,10.101316053080154,15.831110070149862,0.123517554689605,0.9130721159684324,0.06840174184630439,12.435595495743328,14.261739727680194,pp,blockedby_pp_p95
4,9.893726851831229,1.9719928028910019,15,7.144811126886312,15.941017047401326,0.1993174900038812,1.0920532143393575,0.11037834687514438,8.801673637491872,10.985780066170586,pp,blockedby_pp_p95
5,14.558536232214886,2.426322127267172,15,10.108181555747612,19.410694787222383,0.16665975813545367,1.3436524079704146,0.09229309777704184,13.21488382424447,15.902188640185301,pp,blockedby_pp_p95
6,10.518909062664385,2.97711454306234,15,6.99525139446723,19.335269909384348,0.283025029052609,1.648671081071576,0.15673403689013127,8.870237981592808,12.167580143735961,pp,blockedby_pp_p95
7,14.958546702554854,2.3344920447040596,15,10.052573288194116,19.376504939332985,0.1560640944019875,1.2927986032866063,0.0864254147808224,13.665748099268248,16.25134530584146,pp,blockedby_pp_p95
8,10.639896924143276,2.7539993006739887,15,6.885259406220142,18.303234850946865,0.258837028244589,1.5251139781951863,0.14333916851529918,9.11478294594809,12.165010902338462,pp,blockedby_pp_p95
9,8.94601152212665,1.1648294492501248,15,7.259923982442863,11.280075685365404,0.13020656706836223,0.6450610480656265,0.07210599343295751,8.300950474061024,9.591072570192276,pp,blockedby_pp_p95
10,7.974443937179282,1.123049697341822,15,6.57275819145368,10.736556103643668,0.1408310982168704,0.6219241926476583,0.07798966267077992,7.352519744531623,8.59636812982694,pp,blockedby_pp_p95
11,10.010944815327605,1.1567275708336735,15,8.463011507295409,12.137160160514629,0.11554629379862584,0.6405743773465948,0.06398740470188401,9.370370437981009,10.6515191926742,pp,blockedby_pp_p95
12,8.818903982247424,1.0831712008964798,15,7.5666201907249615,10.782325673354626,0.12282378888316717,0.5998402174108767,0.06801754714853041,8.219063764836546,9.4187441996583,pp,blockedby_pp_p95
13,10.214275088548852,1.1897036135399648,15,8.854191342627193,12.20711561735834,0.11647460081369188,0.6588359011111863,0.06450148399173254,9.555439187437667,10.873110989660038,pp,blockedby_pp_p95
14,9.046311525496062,1.177499988266714,15,7.379008242123471,10.884145217736087,0.13016354620864606,0.6520777586946883,0.07208216927494447,8.394233766801374,9.69838928419075,pp,blockedby_pp_p95
15,10.928555577803497,1.1559972443292008,15,8.68245794106392,12.779793210837305,0.10577767904452949,0.6401699360091024,0.05857772616440942,10.288385641794395,11.568725513812598,pp,blockedby_pp_p95
16,9.379455350958223,1.1146301313935916,15,7.631405627302092,11.145227279004938,0.1188374046985275,0.6172615924375421,0.06580996116949173,8.76219375852068,9.996716943395764,pp,blockedby_pp_p95
